{"cameraMode":{"drawMode":0,"name":"Shaded","section":"Shading Mode"},"sceneLighting":false,"audioPlay":false,"sceneViewState":{"showFog":true,"showMaterialUpdate":false,"showSkybox":false,"showFlares":true,"showImageEffects":true,"showParticleSystems":true},"in2DMode":false,"pivot":{"x":-8.046627044677734e-7,"y":0.4813178479671478,"z":7.152557373046875e-7},"rotation":{"x":0.10011201351881027,"y":-0.7352584004402161,"z":0.11135970056056977,"w":0.6610383987426758},"size":2.2424511909484865,"orthographic":false}