{"cameraMode":{"drawMode":0,"name":"Shaded","section":"Shading Mode"},"sceneLighting":false,"audioPlay":false,"sceneViewState":{"showFog":true,"showMaterialUpdate":false,"showSkybox":false,"showFlares":true,"showImageEffects":true,"showParticleSystems":true},"in2DMode":false,"pivot":{"x":-0.1876964569091797,"y":0.6039304733276367,"z":-0.7595040202140808},"rotation":{"x":0.1206212043762207,"y":-0.5253617167472839,"z":0.07554441690444946,"w":0.838891327381134},"size":2.0958449840545656,"orthographic":false}